hjid,address,city,co_address,email,fax_number,party_id,party_name,phone_number,post_code,registered_date,short_code,website,parties_sweden_election_regi_0
3,Kyrkogatan 9,Arlöv,"","",040-43 00 75,14,Allianspartiet/Medborgarens röst,040-43 45 46,23234,2009-06-12,ALP,"",
20,Box 2253,Stockholm,"",info@liberalerna.se,08-509 116 60,3,Liberalerna,08-410 242 00,10316,2015-11-30,L,www.liberalerna.se,
35,Orups gränd 3,Halmstad,"",info@spi-valfarden.se,"",107,SPI Välfärden,08-550 30 333,30243,2013-07-02,SPI,www.spi-valfarden.se,
33,Adressuppgift saknas,"","",info@socialapartiet.se,"",522,Sociala Partiet (SP),"","",2009-02-11,---,www.socialapartiet.se,
27,Box 272,Östersund,"",jt.lindh@norrlandspartiet,"",995,Norrländska Samlingspartiet,072-22 55 26,83123,2010-02-26,NorrS,www.norrlandska-samlingspartiet.se,
19,Rungarns säteri 4,Knutby,c/o Claes Littorin,c.littorin@telia.com,"",1011,Landsbygdspartiet Oberoende,0708-56 96 92,74012,2012-10-31,LBPO,www.landsbygdspartiet.org,
1,"","","","","",232323,Politiskt Vilde,"","",1971-01-01,-,"",
11,Box 498,Stockholm,"",info@feministisktinitiativ.se,"",532,Feministiskt initiativ,070-610 01 91,10129,2006-03-07,FI,www.feministisktinitiativ.se,
5,Kumminvägen 19,Farsta,c/o Anders Königsson,"","",1147,Borgerlig Framtid,073-694 13 14,12355,,---,"",
7,Jägaregatan 9 A,Göteborg,c/o Johan Liljegren,info@direktdemokraterna.se,"",1150,Direktdemokraterna,070-670 85 68,41701,2014-07-01,---,www.direktdemokraterna.se,
4, ,Stockholm,"",info@sap.se,08-20 42 57,2,Arbetarepartiet-Socialdemokraterna,08-700 26 00,10560,1956-08-02,S,www.socialdemokraterna.se,
39,Bokskogsbacken 83,Hisings Backa,c/o Theo Papaioannou,info@vagvaletgbg.se,"",1138,Vägvalet,0730-94 95 91,42256,2014-02-21,VägV,www.vagvaletgbg.se,
31,"Näsbyborg, Näsbyborgsvägen 202",Lövestad,c/o Johan Söderlin,soderlin@hotmail.com,"",172,Sjöbopartiet,0416-340 49,27572,1991-03-27,SJP,"",
38,Box 20085,Stockholm,"",info@sverigedemokraterna.se,08-50 00 00 68,110,Sverigedemokraterna,08-50 00 00 50,10460,1991-02-08,SD,www.sverigedemokraterna.se,
6,Box 2200,Stockholm,"",centerpartiet@centerpartiet.se,08-617 38 10,4,Centerpartiet,08-617 38 00,10315,1995-05-18,C,www.centerpartiet.se,
13,Adressuppgift saknas,"","","","",452,Högerpartiet de konservativa,070-460 97 07,"",2004-03-11,---,"",
30,Box 73,Farsta,"",rs@socialisterna.org,08-556 252 52,131,Rättvisepartiet Socialisterna,08-605 94 03,12322,1998-03-31,RS,www.socialisterna.org,
29,Box 307,Stockholm,"",info@piratpartiet.se,"",524,Piratpartiet,08-720 04 00,10126,2006-02-15,PP,www.piratpartiet.se,
15,Box 38021,Stockholm,"",info@liberalapartiet.se,"",638,Klassiskt liberala partiet,070-608 10 89,10064,2015-03-25,KLP,www.liberalapartiet.se,
24,Box 2080,Stockholm,"",info@moderat.se,08-676 81 30,1,Moderaterna,08-676 80 00,10312,2013-09-06,M,www.moderat.se,
25,Aprikosvägen 1 D,Hässelby,c/o Ercan Loströmmer,"","",976,Mosebackedemokraterna,0738-93 23 53,16560,2010-01-22,---,"",
12,"Sommaren 6 C, nb",Bjuv,c/o Mellie Wahlberg,info@frihets-partiet.se,"",979,Frihetspartiet,0733-85 34 78,26733,2010-02-15,---,www.frihets-partiet.se,
16,Box 31187,Göteborg,"",info@kommunisterna.org,031-24 51 72,471,Kommunistiska Partiet,031-12 26 31,40032,2005-01-12,K,www.kommunisterna.org,
2,Box 10185,Stockholm,"","","",170,NyDemokrati,08-16 09 30,10055,1991-02-15,NYD,"",
40,Box 12660,Stockholm,"",info@vansterpartiet.se,08-653 23 85,5,Vänsterpartiet,08-654 08 20,11293,1990-06-15,V,www.vansterpartiet.se,
26,Box 52,Grängesberg,"",info@nordfront.se,"",1273,Nordiska motståndsrörelsen,0738-396 301,77222,2015-07-09,---,"",
37,Rullstensvägen 13,Åby,"",info@svenskafornuftspartiet.eu,"",1187,Svenska Förnufts Partiet (SFP),0739-74 20 53,61634,2014-04-10,---,www.svenskafornuftspartiet.eu,
23,Pustegränd 1-3,Stockholm,"","",08-545 224 60,55,Miljöpartiet de gröna,08-545 224 50,11820,1985-02-04,MP,www.mp.se,
14,Fiskarbacken 12,Saltsjö-Duvnäs,c/o Eva Nisser,info@junilistan.se,"",451,Junilistan,"",13150,2004-02-27,JL,www.junilistan.se,
10,Box 6057,Hägersten,"",larouche@nysol.se,08-98 30 90,29,Europeiska Arbetarpartiet-EAP,08-98 30 10,12906,1985-03-22,EAP,www.larouche.se,
36,Nackanäsparken 4,Nacka,c/o Benny Haag,kontakt@spritpartiet.se,"",1004,Spritpartiet,073-656 44 19,13133,2010-03-04,---,www.spritpartiet.se,
9,Abbedissavägen 27,Skokloster,"",info@enhet.se,"",189,Enhet,076-148 12 00,74695,2014-03-12,ENH,www.enhet.se,
34,Box 5073,Johanneshov,"",info@socialistiskapartiet.se,08-441 45 76,74,Socialistiska Partiet,08-31 08 50,12116,1985-02-18,SOC.P,http://www.socialistiskapartiet.se,
8,Mariagatan 9,Lund,c/o Johanna Parikka Altenstedt,djurensparti@gmail.com,"",1136,Djurens parti,0708-66 18 12,22353,2014-02-19,DjuP,www.djurensparti.se,
32,S Lindholmsvägen 270-70,Svedala,"",info@skanepartiet.org,040-12 32 27,54,Skånepartiet,040-12 02 12,23391,1979-05-15,SKÅ,www.skanepartiet.org,
28,Kvarnbergavägen 21,Gusselby,c/o Karl Gustafson,"","",1277,Permalogiskt Samhälle,0581-504 05,71195,,---,"",
22,Norregatan 5,Skånes Fagerhult,"",lottokratin@gmail.com,"",518,LOTTOKRATIN,070-52 47 433,28040,2015-11-13,---,www.nordiskunion.nu,
18,Briljantgatan 77,Västra Frölunda,c/o Annette Westöö,annette.westoo@kristnavardepartiet.se,"",1140,Kristna Värdepartiet,0706-23 12 11,42149,2014-02-24,KrVP,www.kristnavardepartiet.se,
21,Box 2253,Stockholm,"",info@liberal.se,08-509 116 60,3,Folkpartiet liberalerna,08-410 242 00,10316,1990-12-17,FP,www.folkpartiet.se,
17,Box 2373,Stockholm,"",info@kristdemokraterna.se,08-723 25 10,68,Kristdemokraterna,08-723 25 00,10318,1996-08-29,KD,www.kristdemokraterna.se,
