role_id,detail,role_code,first_name,last_name,from_date,to_date,person_id,party,total_days_served,active,total_documents,documents_last_year,total_motions,total_interpellations,total_written_questions,activity_level,role_type
8219,Sverigedemokraterna,Kvittningsperson,Matheus,Enholm,2021-09-27,2022-02-13,0202577142527,SD,139,f,10,2,10,0,0,Low,Pairing Representative
13910,Vänsterpartiet,Partiledare,Lars,Ohly,2004-02-20,2012-01-06,0371688419616,V,2877,f,0,0,0,0,0,Inactive,Party Leader
37716,Centerpartiet,Gruppledare,Elisabeth,Thand Ringqvist,2025-09-01,,0602744999917,C,87,t,98,39,98,0,0,High,Group Leader
20800,Folkpartiet liberalerna,Kvittningsperson,Lars,Tysklind,2014-09-29,2015-11-24,0535526562910,L,421,f,0,0,0,0,0,Inactive,Pairing Representative
45619,Miljöpartiet de gröna,Förste vice gruppledare,Jonas,Eriksson,2015-03-18,2015-05-18,0157062733618,MP,61,f,0,0,0,0,0,Inactive,First Deputy Group Leader
35506,Centerpartiet,Partiledare,Annie,Lööf,2011-09-23,2023-02-02,0862868280923,C,4150,f,0,0,0,0,0,Inactive,Party Leader
3582,Vänsterpartiet,Gruppledare,Mia,Sydow Mölleby,2016-02-03,2020-01-28,0415959965211,V,1455,f,16,0,16,0,0,Inactive,Group Leader
13780,Moderaterna,Kvittningsperson,Lena,Asplund,2014-09-29,2018-09-24,088028607414,M,1456,f,0,0,0,0,0,Inactive,Pairing Representative
6880,Kristdemokraterna,Kvittningsperson,Yvonne,Andersson,2010-10-04,2014-09-29,0223175563813,KD,1456,f,0,0,0,0,0,Inactive,Pairing Representative
44365,Miljöpartiet de gröna,Förste vice gruppledare,Janine,Alm Ericson,2019-02-07,2019-02-15,0316505710324,MP,8,f,205,94,205,0,0,Very High,First Deputy Group Leader
3090,Moderaterna,Kvittningsperson,Ann-Charlotte,Hammar Johnsson,2024-11-12,,0810201628512,M,380,t,146,40,146,0,0,High,Pairing Representative
25537,Moderaterna,Förste vice gruppledare,Jessica,Rosencrantz,2022-10-25,2024-09-10,0992420223820,M,686,f,16,4,12,0,0,Low,First Deputy Group Leader
3039,Moderaterna,Partisekreterare,Anders,Edholm,2017-07-07,2017-10-12,0521274429611,M,97,f,0,0,0,0,0,Inactive,Party Secretary
3583,Vänsterpartiet,Förste vice gruppledare,Mia,Sydow Mölleby,2014-09-29,2016-02-02,0415959965211,V,491,f,16,0,16,0,0,Inactive,First Deputy Group Leader
38623,Miljöpartiet de gröna,Kvittningsperson,Jan,Riise,2022-11-24,,0184968091618,MP,1099,t,170,80,170,0,0,Very High,Pairing Representative
37123,Socialdemokraterna,Gruppledare,Lena,Hallengren,2022-10-07,,0853395328224,S,1147,t,19,5,16,0,0,Low,Group Leader
3480,Miljöpartiet de gröna,Gruppledare,Gunvor,G Ericson,2011-09-15,2013-03-31,0640669898710,MP,563,f,0,0,0,0,0,Inactive,Group Leader
8220,Sverigedemokraterna,Kvittningsperson,Matheus,Enholm,2022-10-04,,0202577142527,SD,1150,t,10,2,10,0,0,Low,Pairing Representative
13556,Folkpartiet liberalerna,Förste vice gruppledare,Nina,Lundström,2014-09-29,2014-10-03,0541320528015,L,4,f,25,0,25,0,0,Inactive,First Deputy Group Leader
50374,Moderaterna,Partisekreterare,Karin,Enström,2022-10-19,,0607691439013,M,1135,t,12,5,12,0,0,Low,Party Secretary
32425,Kristdemokraterna,Kvittningsperson,Ingemar,Vänerlöv,2002-09-30,2010-10-04,0548843588006,KD,2926,f,0,0,0,0,0,Inactive,Pairing Representative
33928,Kristdemokraterna,Kvittningsperson,Tuve,Skånberg,2014-09-29,2018-09-24,0161597857912,KD,1456,f,5,0,5,0,0,Inactive,Pairing Representative
53388,Vänsterpartiet,Förste vice gruppledare,Maj,Karlsson,2016-02-03,2020-01-28,0198917587520,V,1455,f,73,35,73,0,0,High,First Deputy Group Leader
37412,Kristdemokraterna,Förste vice gruppledare,Jakob,Forssmed,2014-09-29,2018-09-24,0982795248728,KD,1456,f,21,9,10,0,0,Low,First Deputy Group Leader
13911,Vänsterpartiet,Gruppledare,Lars,Ohly,2010-10-04,2010-10-04,0371688419616,V,0,f,0,0,0,0,0,Inactive,Group Leader
13628,Folkpartiet liberalerna,Partiledare,Jan,Björklund,2007-09-07,2015-11-24,0603490586517,L,3000,f,0,0,0,0,0,Inactive,Party Leader
42806,Moderaterna,Gruppledare,Tobias,Billström,2017-10-03,2022-10-18,0956595590924,M,1841,f,12,0,8,0,0,Inactive,Group Leader
1037,Vänsterpartiet,Kvittningsperson,Hanna,Gunnarsson,2022-11-24,,0411459873625,V,1099,t,77,40,77,0,0,High,Pairing Representative
52049,Socialdemokraterna,Kvittningsperson,Roza,Güclü Hedin,2014-09-29,2017-03-13,0194498232620,S,896,f,14,0,14,0,0,Inactive,Pairing Representative
22942,Folkpartiet liberalerna,Kvittningsperson,Emma,Carlsson Löfdahl,2014-09-29,2015-11-24,0737073162411,-,421,f,0,0,0,0,0,Inactive,Pairing Representative
2044,Kristdemokraterna,Förste vice gruppledare,Anders,Andersson,2012-02-21,2014-09-29,0777657837318,KD,951,f,0,0,0,0,0,Inactive,First Deputy Group Leader
51968,Kristdemokraterna,Partisekreterare,Liza-Maria,Norlin,2023-04-27,,0301987597720,KD,945,t,0,0,0,0,0,Inactive,Party Secretary
39977,Moderaterna,Gruppledare,Anna,Kinberg Batra,2014-09-29,2015-01-13,012053331219,M,106,f,0,0,0,0,0,Inactive,Group Leader
39976,Moderaterna,Partiledare,Anna,Kinberg Batra,2015-01-10,2017-10-01,012053331219,M,995,f,0,0,0,0,0,Inactive,Party Leader
14679,Sverigedemokraterna,Andre vice gruppledare,Tobias,Andersson,2022-10-25,2023-04-25,086684470825,SD,182,f,54,2,54,0,0,Low,Second Deputy Group Leader
12832,Miljöpartiet de gröna,Förste vice gruppledare,Mehmet,Kaplan,2010-10-19,2013-03-31,0116084827614,MP,894,f,0,0,0,0,0,Inactive,First Deputy Group Leader
45347,Kristdemokraterna,Partisekreterare,Johan,Ingerö,2022-10-24,2023-03-14,0146277349624,KD,141,f,0,0,0,0,0,Inactive,Party Secretary
40480,Vänsterpartiet,Kvittningsperson,Karin,Rågsjö,2017-11-08,2022-11-24,0246927519019,V,1842,f,78,36,78,0,0,High,Pairing Representative
31422,Kristdemokraterna,Förste vice gruppledare,Hans,Eklind,2022-12-06,,0494242537816,KD,1087,t,49,19,49,0,0,Medium,First Deputy Group Leader
2199,Centerpartiet,Partiledare,Maud,Olofsson,2001-03-19,2011-09-23,0356767744510,C,3840,f,0,0,0,0,0,Inactive,Party Leader
1036,Vänsterpartiet,Förste vice gruppledare,Hanna,Gunnarsson,2020-01-28,2022-09-26,0411459873625,V,972,f,77,40,77,0,0,High,First Deputy Group Leader
43292,Socialdemokraterna,Förste vice gruppledare,Annelie,Karlsson,2018-10-09,2019-01-31,0199751900210,S,114,f,5,0,5,0,0,Inactive,First Deputy Group Leader
53277,Miljöpartiet de gröna,Språkrör,Amanda,Lind,2024-04-28,,0888807074321,MP,578,t,65,9,64,0,0,Low,Party Spokesperson
40773,Socialdemokraterna,Kvittningsperson,Jörgen,Hellman,2014-09-29,2017-03-13,0781520322912,S,896,f,10,0,10,0,0,Inactive,Pairing Representative
52397,Moderaterna,Kvittningsperson,Malin,Höglund,2024-11-12,,083953568015,M,380,t,34,18,34,0,0,Medium,Pairing Representative
8113,Miljöpartiet de gröna,Gruppledare,Rasmus,Ling,2023-09-04,2024-06-14,0744139167426,MP,284,f,67,3,67,0,0,Low,Group Leader
40186,Kristdemokraterna,Gruppledare,Mats,Odell,2010-10-07,2012-02-20,0700424025906,KD,501,f,0,0,0,0,0,Inactive,Group Leader
22321,Vänsterpartiet,Förste vice gruppledare,Vasiliki,Tsouplaki,2022-09-26,,0228027853620,V,1158,t,167,68,167,0,0,Very High,First Deputy Group Leader
221,Sverigedemokraterna,Förste vice gruppledare,Per,Ramhorn,2014-09-29,2019-03-31,0925652297119,SD,1644,f,8,0,8,0,0,Inactive,First Deputy Group Leader
41145,Miljöpartiet de gröna,Förste vice gruppledare,Annika,Hirvonen,2023-09-04,2024-06-14,0819601620927,MP,284,f,234,123,234,0,0,Very High,First Deputy Group Leader
